TESTTIME,STATE,PFACTOR,VOLT,AMP,WATT,WHR,FREQ,FREZ,CAB,AMB,FREZDOOR,CABDOOR,DEFREC,EVAPIN,EVAPOUT,FREEZERTP1,FREEZERMID2,FREEZERBTM3,FREEZER4,FREEZER5,CABTP1,CABMID2,CABBTM3,CRISPER 1,CRISPER 2,AMBLEFT,AMBRIGHT,DRAINPANIN,DRAINPANOUT,SUCTIONLINE,DISCHARGE,CONDIN,CONDOUT,HLOUT,DOME,HLIN,FILLTUBE,IMMOLD,PANTRY1,PANTRY2,PANTRY3,PANTRY4,PANTRY5,FCBASKET1,FCBASKET2,HUMIDITY,W1,W2,W3,W4,W5,W6,W7,W8,W9,W10,W11,W12,W13,W14,W15,W16,W17,W18,W19,W20,W21,W22,W23,W24,W25,W26,W27,W28,W29,W30,W31,W32,W33
Test Time,State,Pwr Fac,Voltage V,Amps A (Y * 10.0),Wattage W (Y * 0.1),Kwatt Hours,Frequency,Freezer,Fresh Food,Ambient,Frez Door,Cab Door,Def/Rec Time,Evaporator Inlet,Evaporator Outlet,Freezer Top 1,Freezer Mid 2,Freezer Bottom 3,Freezer 4,Freezer 5,Cabinet Top 1,Cabinet Middle 2,Cabinet Bottom 3,Crisper 1,Crisper 2,Ambient Left Mid,Ambient Right Mid,Drain Pan In,Drain Pan out,Suction Line,Discharge,Condensor Inlet,Condenser Outlet,Heat Loop Outlet,Compressor Dome,Heat Loop inlet,Fill Tube,IM Mold,Pantry 1 CTR,Pantry 2 RT Rear,Pantry 3 FT Right,Pantry 4 FT Left,Pantry 5 Rear CTR,FC Basket 1,FC Basket 2,Humidity,W Status,W Control,W RC Temp,W FC Temp,W FC Evap Temp,W Pantry Temp,W Ambient Temp,W Ambient RH,W FC Heater State,W FC Fan,W Condenser Fan,W RC Damper State,W VCC Hz,W Pantry Damper State,W Fill Tube Heater,W Water Valve State,W FC Door,W RC Door,W Cold Request FC,W Cold Request RC,W Cold Request Pantry,W Defrost Trace,W PI_Output,W PI_Proportional_Output,W PI_Integral_Output,W PI_Kp,W PI_Ki,W RC_CutIN,W RC_CutOUT,W FC_CutIN,W FC_CutOUT,W Pantry_CutIN,W Pantry_CutOUT
0:00:07,1,0.00,114.9,0.000,0.00,0.0000,60.00,-999.00,-999.00,-999.00,-999.00,-999.00,0.000000,-999.00,-999.00,-999.00,-999.00,-999.00,-999.00,-999.00,-999.00,-999.00,-999.00,-999.00,-999.00,-999.00,-999.00,-999.00,-999.00,-999.00,-999.00,-999.00,-999.00,-999.00,-999.00,-999.00,-999.00,-999.00,-999.00,-999.00,-999.00,-999.00,-999.00,-999.00,-999.00,42.8,4,2,-999.00,-999.00,-999.00,-999.00,-999.00,-999.00,-999.00,-999.00,-999.00,-999.00,-999.00,-999.00,-999.00,-999.00,-999.00,-999.00,-999.00,-999.00,-999.00,-999.00,-999.00,-999.00,-999.00,-999.00,-999.00,-999.00,-999.00,-999.00,-999.00,-999.00,-999.00
0:00:58,1,0.00,114.9,0,0,0,60.00,-999.00,-999.00,-999.00,-999.00,-999.00,0,-999,-999,-999,-999,-999,-999,-999,-999,-999,-999,-999,-999,-999,-999,-999,-999,-999,-999,-999,-999,-999,-999,-999,-999,-999,-999,-999,-999,-999,-999,-999,-999,42.8,4,2,-999.00,-999.00,-999.00,-999.00,-999.00,-999.00,-999.00,-999.00,-999.00,-999.00,-999.00,-999.00,-999.00,-999.00,-999.00,-999.00,-999.00,-999.00,-999.00,-999.00,-999.00,-999.00,-999.00,-999.00,-999.00,-999.00,-999.00,-999.00,-999.00,-999.00,-999.00
0:01:47,1,0.00,114.9,0,0,0,60.02,-999.00,-999.00,-999.00,-999.00,-999.00,0,-999,-999,-999,-999,-999,-999,-999,-999,-999,-999,-999,-999,-999,-999,-999,-999,-999,-999,-999,-999,-999,-999,-999,-999,-999,-999,-999,-999,-999,-999,-999,-999,42.8,4,2,-999.00,-999.00,-999.00,-999.00,-999.00,-999.00,-999.00,-999.00,-999.00,-999.00,-999.00,-999.00,-999.00,-999.00,-999.00,-999.00,-999.00,-999.00,-999.00,-999.00,-999.00,-999.00,-999.00,-999.00,-999.00,-999.00,-999.00,-999.00,-999.00,-999.00,-999.00
0:02:37,1,0.00,114.9,0,0,0,60.01,-999.00,-999.00,-999.00,-999.00,-999.00,0,-999,-999,-999,-999,-999,-999,-999,-999,-999,-999,-999,-999,-999,-999,-999,-999,-999,-999,-999,-999,-999,-999,-999,-999,-999,-999,-999,-999,-999,-999,-999,-999,42.7,4,2,-999.00,-999.00,-999.00,-999.00,-999.00,-999.00,-999.00,-999.00,-999.00,-999.00,-999.00,-999.00,-999.00,-999.00,-999.00,-999.00,-999.00,-999.00,-999.00,-999.00,-999.00,-999.00,-999.00,-999.00,-999.00,-999.00,-999.00,-999.00,-999.00,-999.00,-999.00
0:03:27,1,0.00,114.9,0,0,0,59.99,-999.00,-999.00,-999.00,-999.00,-999.00,0,-999,-999,-999,-999,-999,-999,-999,-999,-999,-999,-999,-999,-999,-999,-999,-999,-999,-999,-999,-999,-999,-999,-999,-999,-999,-999,-999,-999,-999,-999,-999,-999,42.7,4,2,-999.00,-999.00,-999.00,-999.00,-999.00,-999.00,-999.00,-999.00,-999.00,-999.00,-999.00,-999.00,-999.00,-999.00,-999.00,-999.00,-999.00,-999.00,-999.00,-999.00,-999.00,-999.00,-999.00,-999.00,-999.00,-999.00,-999.00,-999.00,-999.00,-999.00,-999.00
0:04:17,1,0.00,114.8,0,0,0,59.98,-999.00,-999.00,-999.00,-999.00,-999.00,0,-999,-999,-999,-999,-999,-999,-999,-999,-999,-999,-999,-999,-999,-999,-999,-999,-999,-999,-999,-999,-999,-999,-999,-999,-999,-999,-999,-999,-999,-999,-999,-999,42.7,4,2,-999.00,-999.00,-999.00,-999.00,-999.00,-999.00,-999.00,-999.00,-999.00,-999.00,-999.00,-999.00,-999.00,-999.00,-999.00,-999.00,-999.00,-999.00,-999.00,-999.00,-999.00,-999.00,-999.00,-999.00,-999.00,-999.00,-999.00,-999.00,-999.00,-999.00,-999.00
0:05:08,1,0.00,115.1,0,0,0,59.99,-999.00,-999.00,-999.00,-999.00,-999.00,0,-999,-999,-999,-999,-999,-999,-999,-999,-999,-999,-999,-999,-999,-999,-999,-999,-999,-999,-999,-999,-999,-999,-999,-999,-999,-999,-999,-999,-999,-999,-999,-999,42.7,4,2,-999.00,-999.00,-999.00,-999.00,-999.00,-999.00,-999.00,-999.00,-999.00,-999.00,-999.00,-999.00,-999.00,-999.00,-999.00,-999.00,-999.00,-999.00,-999.00,-999.00,-999.00,-999.00,-999.00,-999.00,-999.00,-999.00,-999.00,-999.00,-999.00,-999.00,-999.00
0:05:58,1,0.00,115.2,0,0,0,59.99,-999.00,-999.00,-999.00,-999.00,-999.00,0,-999,-999,-999,-999,-999,-999,-999,-999,-999,-999,-999,-999,-999,-999,-999,-999,-999,-999,-999,-999,-999,-999,-999,-999,-999,-999,-999,-999,-999,-999,-999,-999,42.7,4,2,-999.00,-999.00,-999.00,-999.00,-999.00,-999.00,-999.00,-999.00,-999.00,-999.00,-999.00,-999.00,-999.00,-999.00,-999.00,-999.00,-999.00,-999.00,-999.00,-999.00,-999.00,-999.00,-999.00,-999.00,-999.00,-999.00,-999.00,-999.00,-999.00,-999.00,-999.00
0:06:48,1,0.00,115.1,0,0,0,59.98,-999.00,-999.00,-999.00,-999.00,-999.00,0,-999,-999,-999,-999,-999,-999,-999,-999,-999,-999,-999,-999,-999,-999,-999,-999,-999,-999,-999,-999,-999,-999,-999,-999,-999,-999,-999,-999,-999,-999,-999,-999,42.7,4,2,-999.00,-999.00,-999.00,-999.00,-999.00,-999.00,-999.00,-999.00,-999.00,-999.00,-999.00,-999.00,-999.00,-999.00,-999.00,-999.00,-999.00,-999.00,-999.00,-999.00,-999.00,-999.00,-999.00,-999.00,-999.00,-999.00,-999.00,-999.00,-999.00,-999.00,-999.00
0:07:38,1,0.00,114.9,0,0,0,60.00,-999.00,-999.00,-999.00,-999.00,-999.00,0,-999,-999,-999,-999,-999,-999,-999,-999,-999,-999,-999,-999,-999,-999,-999,-999,-999,-999,-999,-999,-999,-999,-999,-999,-999,-999,-999,-999,-999,-999,-999,-999,42.7,4,2,-999.00,-999.00,-999.00,-999.00,-999.00,-999.00,-999.00,-999.00,-999.00,-999.00,-999.00,-999.00,-999.00,-999.00,-999.00,-999.00,-999.00,-999.00,-999.00,-999.00,-999.00,-999.00,-999.00,-999.00,-999.00,-999.00,-999.00,-999.00,-999.00,-999.00,-999.00
0:08:28,1,0.00,115.0,0,0,0,60.03,-999.00,-999.00,-999.00,-999.00,-999.00,0,-999,-999,-999,-999,-999,-999,-999,-999,-999,-999,-999,-999,-999,-999,-999,-999,-999,-999,-999,-999,-999,-999,-999,-999,-999,-999,-999,-999,-999,-999,-999,-999,42.7,4,2,-999.00,-999.00,-999.00,-999.00,-999.00,-999.00,-999.00,-999.00,-999.00,-999.00,-999.00,-999.00,-999.00,-999.00,-999.00,-999.00,-999.00,-999.00,-999.00,-999.00,-999.00,-999.00,-999.00,-999.00,-999.00,-999.00,-999.00,-999.00,-999.00,-999.00,-999.00
0:09:17,1,0.00,115.0,0,0,0,60.02,-999.00,-999.00,-999.00,-999.00,-999.00,0,-999,-999,-999,-999,-999,-999,-999,-999,-999,-999,-999,-999,-999,-999,-999,-999,-999,-999,-999,-999,-999,-999,-999,-999,-999,-999,-999,-999,-999,-999,-999,-999,42.7,4,2,-999.00,-999.00,-999.00,-999.00,-999.00,-999.00,-999.00,-999.00,-999.00,-999.00,-999.00,-999.00,-999.00,-999.00,-999.00,-999.00,-999.00,-999.00,-999.00,-999.00,-999.00,-999.00,-999.00,-999.00,-999.00,-999.00,-999.00,-999.00,-999.00,-999.00,-999.00
0:10:07,1,0.00,115.0,0,0,0,60.02,-999.00,-999.00,-999.00,-999.00,-999.00,0,-999,-999,-999,-999,-999,-999,-999,-999,-999,-999,-999,-999,-999,-999,-999,-999,-999,-999,-999,-999,-999,-999,-999,-999,-999,-999,-999,-999,-999,-999,-999,-999,42.7,4,2,-999.00,-999.00,-999.00,-999.00,-999.00,-999.00,-999.00,-999.00,-999.00,-999.00,-999.00,-999.00,-999.00,-999.00,-999.00,-999.00,-999.00,-999.00,-999.00,-999.00,-999.00,-999.00,-999.00,-999.00,-999.00,-999.00,-999.00,-999.00,-999.00,-999.00,-999.00
0:10:58,1,0.00,115.1,0,0,0,60.02,-999.00,-999.00,-999.00,-999.00,-999.00,0,-999,-999,-999,-999,-999,-999,-999,-999,-999,-999,-999,-999,-999,-999,-999,-999,-999,-999,-999,-999,-999,-999,-999,-999,-999,-999,-999,-999,-999,-999,-999,-999,42.7,4,2,-999.00,-999.00,-999.00,-999.00,-999.00,-999.00,-999.00,-999.00,-999.00,-999.00,-999.00,-999.00,-999.00,-999.00,-999.00,-999.00,-999.00,-999.00,-999.00,-999.00,-999.00,-999.00,-999.00,-999.00,-999.00,-999.00,-999.00,-999.00,-999.00,-999.00,-999.00
0:11:48,1,0.00,114.8,0,0,0,60.00,-999.00,-999.00,-999.00,-999.00,-999.00,0,-999,-999,-999,-999,-999,-999,-999,-999,-999,-999,-999,-999,-999,-999,-999,-999,-999,-999,-999,-999,-999,-999,-999,-999,-999,-999,-999,-999,-999,-999,-999,-999,42.7,4,2,-999.00,-999.00,-999.00,-999.00,-999.00,-999.00,-999.00,-999.00,-999.00,-999.00,-999.00,-999.00,-999.00,-999.00,-999.00,-999.00,-999.00,-999.00,-999.00,-999.00,-999.00,-999.00,-999.00,-999.00,-999.00,-999.00,-999.00,-999.00,-999.00,-999.00,-999.00
0:12:38,1,0.00,114.9,0,0,0,60.02,-999.00,-999.00,-999.00,-999.00,-999.00,0,-999,-999,-999,-999,-999,-999,-999,-999,-999,-999,-999,-999,-999,-999,-999,-999,-999,-999,-999,-999,-999,-999,-999,-999,-999,-999,-999,-999,-999,-999,-999,-999,42.7,4,2,-999.00,-999.00,-999.00,-999.00,-999.00,-999.00,-999.00,-999.00,-999.00,-999.00,-999.00,-999.00,-999.00,-999.00,-999.00,-999.00,-999.00,-999.00,-999.00,-999.00,-999.00,-999.00,-999.00,-999.00,-999.00,-999.00,-999.00,-999.00,-999.00,-999.00,-999.00
0:13:28,1,0.00,115.0,0,0,0,60.03,-999.00,-999.00,-999.00,-999.00,-999.00,0,-999,-999,-999,-999,-999,-999,-999,-999,-999,-999,-999,-999,-999,-999,-999,-999,-999,-999,-999,-999,-999,-999,-999,-999,-999,-999,-999,-999,-999,-999,-999,-999,42.7,4,2,-999.00,-999.00,-999.00,-999.00,-999.00,-999.00,-999.00,-999.00,-999.00,-999.00,-999.00,-999.00,-999.00,-999.00,-999.00,-999.00,-999.00,-999.00,-999.00,-999.00,-999.00,-999.00,-999.00,-999.00,-999.00,-999.00,-999.00,-999.00,-999.00,-999.00,-999.00
0:14:18,1,0.00,115.0,0,0,0,60.02,-999.00,-999.00,-999.00,-999.00,-999.00,0,-999,-999,-999,-999,-999,-999,-999,-999,-999,-999,-999,-999,-999,-999,-999,-999,-999,-999,-999,-999,-999,-999,-999,-999,-999,-999,-999,-999,-999,-999,-999,-999,42.7,4,2,-999.00,-999.00,-999.00,-999.00,-999.00,-999.00,-999.00,-999.00,-999.00,-999.00,-999.00,-999.00,-999.00,-999.00,-999.00,-999.00,-999.00,-999.00,-999.00,-999.00,-999.00,-999.00,-999.00,-999.00,-999.00,-999.00,-999.00,-999.00,-999.00,-999.00,-999.00
0:15:07,1,0.00,114.8,0,0,0,60.03,-999.00,-999.00,-999.00,-999.00,-999.00,0,-999,-999,-999,-999,-999,-999,-999,-999,-999,-999,-999,-999,-999,-999,-999,-999,-999,-999,-999,-999,-999,-999,-999,-999,-999,-999,-999,-999,-999,-999,-999,-999,42.6,4,2,-999.00,-999.00,-999.00,-999.00,-999.00,-999.00,-999.00,-999.00,-999.00,-999.00,-999.00,-999.00,-999.00,-999.00,-999.00,-999.00,-999.00,-999.00,-999.00,-999.00,-999.00,-999.00,-999.00,-999.00,-999.00,-999.00,-999.00,-999.00,-999.00,-999.00,-999.00
0:15:58,1,0.00,114.9,0,0,0,60.02,-999.00,-999.00,-999.00,-999.00,-999.00,0,-999,-999,-999,-999,-999,-999,-999,-999,-999,-999,-999,-999,-999,-999,-999,-999,-999,-999,-999,-999,-999,-999,-999,-999,-999,-999,-999,-999,-999,-999,-999,-999,42.6,4,2,-999.00,-999.00,-999.00,-999.00,-999.00,-999.00,-999.00,-999.00,-999.00,-999.00,-999.00,-999.00,-999.00,-999.00,-999.00,-999.00,-999.00,-999.00,-999.00,-999.00,-999.00,-999.00,-999.00,-999.00,-999.00,-999.00,-999.00,-999.00,-999.00,-999.00,-999.00
0:16:48,1,0.00,114.8,0,0,0,60.00,-999.00,-999.00,-999.00,-999.00,-999.00,0,-999,-999,-999,-999,-999,-999,-999,-999,-999,-999,-999,-999,-999,-999,-999,-999,-999,-999,-999,-999,-999,-999,-999,-999,-999,-999,-999,-999,-999,-999,-999,-999,42.6,4,2,-999.00,-999.00,-999.00,-999.00,-999.00,-999.00,-999.00,-999.00,-999.00,-999.00,-999.00,-999.00,-999.00,-999.00,-999.00,-999.00,-999.00,-999.00,-999.00,-999.00,-999.00,-999.00,-999.00,-999.00,-999.00,-999.00,-999.00,-999.00,-999.00,-999.00,-999.00
0:17:37,1,0.00,114.9,0,0,0,59.97,-999.00,-999.00,-999.00,-999.00,-999.00,0,-999,-999,-999,-999,-999,-999,-999,-999,-999,-999,-999,-999,-999,-999,-999,-999,-999,-999,-999,-999,-999,-999,-999,-999,-999,-999,-999,-999,-999,-999,-999,-999,42.6,4,2,-999.00,-999.00,-999.00,-999.00,-999.00,-999.00,-999.00,-999.00,-999.00,-999.00,-999.00,-999.00,-999.00,-999.00,-999.00,-999.00,-999.00,-999.00,-999.00,-999.00,-999.00,-999.00,-999.00,-999.00,-999.00,-999.00,-999.00,-999.00,-999.00,-999.00,-999.00
0:18:27,1,0.00,115.0,0,0,0,59.98,-999.00,-999.00,-999.00,-999.00,-999.00,0,-999,-999,-999,-999,-999,-999,-999,-999,-999,-999,-999,-999,-999,-999,-999,-999,-999,-999,-999,-999,-999,-999,-999,-999,-999,-999,-999,-999,-999,-999,-999,-999,42.6,4,2,-999.00,-999.00,-999.00,-999.00,-999.00,-999.00,-999.00,-999.00,-999.00,-999.00,-999.00,-999.00,-999.00,-999.00,-999.00,-999.00,-999.00,-999.00,-999.00,-999.00,-999.00,-999.00,-999.00,-999.00,-999.00,-999.00,-999.00,-999.00,-999.00,-999.00,-999.00
0:19:18,1,0.00,115.0,0,0,0,59.99,-999.00,-999.00,-999.00,-999.00,-999.00,0,-999,-999,-999,-999,-999,-999,-999,-999,-999,-999,-999,-999,-999,-999,-999,-999,-999,-999,-999,-999,-999,-999,-999,-999,-999,-999,-999,-999,-999,-999,-999,-999,42.6,4,2,-999.00,-999.00,-999.00,-999.00,-999.00,-999.00,-999.00,-999.00,-999.00,-999.00,-999.00,-999.00,-999.00,-999.00,-999.00,-999.00,-999.00,-999.00,-999.00,-999.00,-999.00,-999.00,-999.00,-999.00,-999.00,-999.00,-999.00,-999.00,-999.00,-999.00,-999.00
0:20:08,1,0.00,115.0,0,0,0,60.00,-999.00,-999.00,-999.00,-999.00,-999.00,0,-999,-999,-999,-999,-999,-999,-999,-999,-999,-999,-999,-999,-999,-999,-999,-999,-999,-999,-999,-999,-999,-999,-999,-999,-999,-999,-999,-999,-999,-999,-999,-999,42.6,4,2,-999.00,-999.00,-999.00,-999.00,-999.00,-999.00,-999.00,-999.00,-999.00,-999.00,-999.00,-999.00,-999.00,-999.00,-999.00,-999.00,-999.00,-999.00,-999.00,-999.00,-999.00,-999.00,-999.00,-999.00,-999.00,-999.00,-999.00,-999.00,-999.00,-999.00,-999.00
0:20:57,1,0.00,115.0,0,0,0,60.00,-999.00,-999.00,-999.00,-999.00,-999.00,0,-999,-999,-999,-999,-999,-999,-999,-999,-999,-999,-999,-999,-999,-999,-999,-999,-999,-999,-999,-999,-999,-999,-999,-999,-999,-999,-999,-999,-999,-999,-999,-999,42.6,4,2,-999.00,-999.00,-999.00,-999.00,-999.00,-999.00,-999.00,-999.00,-999.00,-999.00,-999.00,-999.00,-999.00,-999.00,-999.00,-999.00,-999.00,-999.00,-999.00,-999.00,-999.00,-999.00,-999.00,-999.00,-999.00,-999.00,-999.00,-999.00,-999.00,-999.00,-999.00
0:21:48,1,0.00,115.1,0,0,0,59.98,-999.00,-999.00,-999.00,-999.00,-999.00,0,-999,-999,-999,-999,-999,-999,-999,-999,-999,-999,-999,-999,-999,-999,-999,-999,-999,-999,-999,-999,-999,-999,-999,-999,-999,-999,-999,-999,-999,-999,-999,-999,42.6,4,2,-999.00,-999.00,-999.00,-999.00,-999.00,-999.00,-999.00,-999.00,-999.00,-999.00,-999.00,-999.00,-999.00,-999.00,-999.00,-999.00,-999.00,-999.00,-999.00,-999.00,-999.00,-999.00,-999.00,-999.00,-999.00,-999.00,-999.00,-999.00,-999.00,-999.00,-999.00
0:22:37,1,0.00,115.1,0,0,0,59.99,-999.00,-999.00,-999.00,-999.00,-999.00,0,-999,-999,-999,-999,-999,-999,-999,-999,-999,-999,-999,-999,-999,-999,-999,-999,-999,-999,-999,-999,-999,-999,-999,-999,-999,-999,-999,-999,-999,-999,-999,-999,42.6,4,2,-999.00,-999.00,-999.00,-999.00,-999.00,-999.00,-999.00,-999.00,-999.00,-999.00,-999.00,-999.00,-999.00,-999.00,-999.00,-999.00,-999.00,-999.00,-999.00,-999.00,-999.00,-999.00,-999.00,-999.00,-999.00,-999.00,-999.00,-999.00,-999.00,-999.00,-999.00
0:23:27,1,0.00,115.1,0,0,0,59.99,-999.00,-999.00,-999.00,-999.00,-999.00,0,-999,-999,-999,-999,-999,-999,-999,-999,-999,-999,-999,-999,-999,-999,-999,-999,-999,-999,-999,-999,-999,-999,-999,-999,-999,-999,-999,-999,-999,-999,-999,-999,42.6,4,2,-999.00,-999.00,-999.00,-999.00,-999.00,-999.00,-999.00,-999.00,-999.00,-999.00,-999.00,-999.00,-999.00,-999.00,-999.00,-999.00,-999.00,-999.00,-999.00,-999.00,-999.00,-999.00,-999.00,-999.00,-999.00,-999.00,-999.00,-999.00,-999.00,-999.00,-999.00
0:24:17,1,0.00,115.1,0,0,0,59.99,-999.00,-999.00,-999.00,-999.00,-999.00,0,-999,-999,-999,-999,-999,-999,-999,-999,-999,-999,-999,-999,-999,-999,-999,-999,-999,-999,-999,-999,-999,-999,-999,-999,-999,-999,-999,-999,-999,-999,-999,-999,42.6,4,2,-999.00,-999.00,-999.00,-999.00,-999.00,-999.00,-999.00,-999.00,-999.00,-999.00,-999.00,-999.00,-999.00,-999.00,-999.00,-999.00,-999.00,-999.00,-999.00,-999.00,-999.00,-999.00,-999.00,-999.00,-999.00,-999.00,-999.00,-999.00,-999.00,-999.00,-999.00
0:25:08,1,0.00,114.9,0,0,0,60.00,-999.00,-999.00,-999.00,-999.00,-999.00,0,-999,-999,-999,-999,-999,-999,-999,-999,-999,-999,-999,-999,-999,-999,-999,-999,-999,-999,-999,-999,-999,-999,-999,-999,-999,-999,-999,-999,-999,-999,-999,-999,42.6,4,2,-999.00,-999.00,-999.00,-999.00,-999.00,-999.00,-999.00,-999.00,-999.00,-999.00,-999.00,-999.00,-999.00,-999.00,-999.00,-999.00,-999.00,-999.00,-999.00,-999.00,-999.00,-999.00,-999.00,-999.00,-999.00,-999.00,-999.00,-999.00,-999.00,-999.00,-999.00
0:25:57,1,0.00,115.0,0,0,0,60.00,-999.00,-999.00,-999.00,-999.00,-999.00,0,-999,-999,-999,-999,-999,-999,-999,-999,-999,-999,-999,-999,-999,-999,-999,-999,-999,-999,-999,-999,-999,-999,-999,-999,-999,-999,-999,-999,-999,-999,-999,-999,42.4,4,2,-999.00,-999.00,-999.00,-999.00,-999.00,-999.00,-999.00,-999.00,-999.00,-999.00,-999.00,-999.00,-999.00,-999.00,-999.00,-999.00,-999.00,-999.00,-999.00,-999.00,-999.00,-999.00,-999.00,-999.00,-999.00,-999.00,-999.00,-999.00,-999.00,-999.00,-999.00
0:26:47,1,0.00,114.9,0,0,0,60.00,-999.00,-999.00,-999.00,-999.00,-999.00,0,-999,-999,-999,-999,-999,-999,-999,-999,-999,-999,-999,-999,-999,-999,-999,-999,-999,-999,-999,-999,-999,-999,-999,-999,-999,-999,-999,-999,-999,-999,-999,-999,42.4,4,2,-999.00,-999.00,-999.00,-999.00,-999.00,-999.00,-999.00,-999.00,-999.00,-999.00,-999.00,-999.00,-999.00,-999.00,-999.00,-999.00,-999.00,-999.00,-999.00,-999.00,-999.00,-999.00,-999.00,-999.00,-999.00,-999.00,-999.00,-999.00,-999.00,-999.00,-999.00
0:27:37,1,0.00,114.9,0,0,0,59.99,-999.00,-999.00,-999.00,-999.00,-999.00,0,-999,-999,-999,-999,-999,-999,-999,-999,-999,-999,-999,-999,-999,-999,-999,-999,-999,-999,-999,-999,-999,-999,-999,-999,-999,-999,-999,-999,-999,-999,-999,-999,42.4,4,2,-999.00,-999.00,-999.00,-999.00,-999.00,-999.00,-999.00,-999.00,-999.00,-999.00,-999.00,-999.00,-999.00,-999.00,-999.00,-999.00,-999.00,-999.00,-999.00,-999.00,-999.00,-999.00,-999.00,-999.00,-999.00,-999.00,-999.00,-999.00,-999.00,-999.00,-999.00
0:28:27,1,0.00,114.9,0,0,0,59.99,-999.00,-999.00,-999.00,-999.00,-999.00,0,-999,-999,-999,-999,-999,-999,-999,-999,-999,-999,-999,-999,-999,-999,-999,-999,-999,-999,-999,-999,-999,-999,-999,-999,-999,-999,-999,-999,-999,-999,-999,-999,42.4,4,2,-999.00,-999.00,-999.00,-999.00,-999.00,-999.00,-999.00,-999.00,-999.00,-999.00,-999.00,-999.00,-999.00,-999.00,-999.00,-999.00,-999.00,-999.00,-999.00,-999.00,-999.00,-999.00,-999.00,-999.00,-999.00,-999.00,-999.00,-999.00,-999.00,-999.00,-999.00
0:29:17,1,0.00,115.0,0,0,0,60.01,-999.00,-999.00,-999.00,-999.00,-999.00,0,-999,-999,-999,-999,-999,-999,-999,-999,-999,-999,-999,-999,-999,-999,-999,-999,-999,-999,-999,-999,-999,-999,-999,-999,-999,-999,-999,-999,-999,-999,-999,-999,42.3,4,2,-999.00,-999.00,-999.00,-999.00,-999.00,-999.00,-999.00,-999.00,-999.00,-999.00,-999.00,-999.00,-999.00,-999.00,-999.00,-999.00,-999.00,-999.00,-999.00,-999.00,-999.00,-999.00,-999.00,-999.00,-999.00,-999.00,-999.00,-999.00,-999.00,-999.00,-999.00
0:30:08,1,0.00,115.0,0,0,0,59.99,-999.00,-999.00,-999.00,-999.00,-999.00,0,-999,-999,-999,-999,-999,-999,-999,-999,-999,-999,-999,-999,-999,-999,-999,-999,-999,-999,-999,-999,-999,-999,-999,-999,-999,-999,-999,-999,-999,-999,-999,-999,42.3,4,2,-999.00,-999.00,-999.00,-999.00,-999.00,-999.00,-999.00,-999.00,-999.00,-999.00,-999.00,-999.00,-999.00,-999.00,-999.00,-999.00,-999.00,-999.00,-999.00,-999.00,-999.00,-999.00,-999.00,-999.00,-999.00,-999.00,-999.00,-999.00,-999.00,-999.00,-999.00
0:30:58,1,0.00,115.0,0,0,0,59.99,-999.00,-999.00,-999.00,-999.00,-999.00,0,-999,-999,-999,-999,-999,-999,-999,-999,-999,-999,-999,-999,-999,-999,-999,-999,-999,-999,-999,-999,-999,-999,-999,-999,-999,-999,-999,-999,-999,-999,-999,-999,42.3,4,2,-999.00,-999.00,-999.00,-999.00,-999.00,-999.00,-999.00,-999.00,-999.00,-999.00,-999.00,-999.00,-999.00,-999.00,-999.00,-999.00,-999.00,-999.00,-999.00,-999.00,-999.00,-999.00,-999.00,-999.00,-999.00,-999.00,-999.00,-999.00,-999.00,-999.00,-999.00
0:31:47,1,0.00,115.1,0,0,0,59.98,-999.00,-999.00,-999.00,-999.00,-999.00,0,-999,-999,-999,-999,-999,-999,-999,-999,-999,-999,-999,-999,-999,-999,-999,-999,-999,-999,-999,-999,-999,-999,-999,-999,-999,-999,-999,-999,-999,-999,-999,-999,42.3,4,2,-999.00,-999.00,-999.00,-999.00,-999.00,-999.00,-999.00,-999.00,-999.00,-999.00,-999.00,-999.00,-999.00,-999.00,-999.00,-999.00,-999.00,-999.00,-999.00,-999.00,-999.00,-999.00,-999.00,-999.00,-999.00,-999.00,-999.00,-999.00,-999.00,-999.00,-999.00
0:32:37,1,0.00,115.1,0,0,0,59.98,-999.00,-999.00,-999.00,-999.00,-999.00,0,-999,-999,-999,-999,-999,-999,-999,-999,-999,-999,-999,-999,-999,-999,-999,-999,-999,-999,-999,-999,-999,-999,-999,-999,-999,-999,-999,-999,-999,-999,-999,-999,42.3,4,2,-999.00,-999.00,-999.00,-999.00,-999.00,-999.00,-999.00,-999.00,-999.00,-999.00,-999.00,-999.00,-999.00,-999.00,-999.00,-999.00,-999.00,-999.00,-999.00,-999.00,-999.00,-999.00,-999.00,-999.00,-999.00,-999.00,-999.00,-999.00,-999.00,-999.00,-999.00
0:33:27,1,0.00,115.2,0,0,0,60.00,-999.00,-999.00,-999.00,-999.00,-999.00,0,-999,-999,-999,-999,-999,-999,-999,-999,-999,-999,-999,-999,-999,-999,-999,-999,-999,-999,-999,-999,-999,-999,-999,-999,-999,-999,-999,-999,-999,-999,-999,-999,42.3,4,2,-999.00,-999.00,-999.00,-999.00,-999.00,-999.00,-999.00,-999.00,-999.00,-999.00,-999.00,-999.00,-999.00,-999.00,-999.00,-999.00,-999.00,-999.00,-999.00,-999.00,-999.00,-999.00,-999.00,-999.00,-999.00,-999.00,-999.00,-999.00,-999.00,-999.00,-999.00
0:34:18,1,0.00,115.2,0,0,0,60.00,-999.00,-999.00,-999.00,-999.00,-999.00,0,-999,-999,-999,-999,-999,-999,-999,-999,-999,-999,-999,-999,-999,-999,-999,-999,-999,-999,-999,-999,-999,-999,-999,-999,-999,-999,-999,-999,-999,-999,-999,-999,42.3,4,2,-999.00,-999.00,-999.00,-999.00,-999.00,-999.00,-999.00,-999.00,-999.00,-999.00,-999.00,-999.00,-999.00,-999.00,-999.00,-999.00,-999.00,-999.00,-999.00,-999.00,-999.00,-999.00,-999.00,-999.00,-999.00,-999.00,-999.00,-999.00,-999.00,-999.00,-999.00
0:35:07,1,0.00,115.1,0,0,0,60.00,-999.00,-999.00,-999.00,-999.00,-999.00,0,-999,-999,-999,-999,-999,-999,-999,-999,-999,-999,-999,-999,-999,-999,-999,-999,-999,-999,-999,-999,-999,-999,-999,-999,-999,-999,-999,-999,-999,-999,-999,-999,42.3,4,2,-999.00,-999.00,-999.00,-999.00,-999.00,-999.00,-999.00,-999.00,-999.00,-999.00,-999.00,-999.00,-999.00,-999.00,-999.00,-999.00,-999.00,-999.00,-999.00,-999.00,-999.00,-999.00,-999.00,-999.00,-999.00,-999.00,-999.00,-999.00,-999.00,-999.00,-999.00
0:35:57,1,0.00,115.2,0,0,0,60.00,-999.00,-999.00,-999.00,-999.00,-999.00,0,-999,-999,-999,-999,-999,-999,-999,-999,-999,-999,-999,-999,-999,-999,-999,-999,-999,-999,-999,-999,-999,-999,-999,-999,-999,-999,-999,-999,-999,-999,-999,-999,42.3,4,2,-999.00,-999.00,-999.00,-999.00,-999.00,-999.00,-999.00,-999.00,-999.00,-999.00,-999.00,-999.00,-999.00,-999.00,-999.00,-999.00,-999.00,-999.00,-999.00,-999.00,-999.00,-999.00,-999.00,-999.00,-999.00,-999.00,-999.00,-999.00,-999.00,-999.00,-999.00
0:36:48,1,0.00,115.1,0,0,0,60.00,-999.00,-999.00,-999.00,-999.00,-999.00,0,-999,-999,-999,-999,-999,-999,-999,-999,-999,-999,-999,-999,-999,-999,-999,-999,-999,-999,-999,-999,-999,-999,-999,-999,-999,-999,-999,-999,-999,-999,-999,-999,42.3,4,2,-999.00,-999.00,-999.00,-999.00,-999.00,-999.00,-999.00,-999.00,-999.00,-999.00,-999.00,-999.00,-999.00,-999.00,-999.00,-999.00,-999.00,-999.00,-999.00,-999.00,-999.00,-999.00,-999.00,-999.00,-999.00,-999.00,-999.00,-999.00,-999.00,-999.00,-999.00
0:37:38,1,0.00,115.1,0,0,0,60.01,-999.00,-999.00,-999.00,-999.00,-999.00,0,-999,-999,-999,-999,-999,-999,-999,-999,-999,-999,-999,-999,-999,-999,-999,-999,-999,-999,-999,-999,-999,-999,-999,-999,-999,-999,-999,-999,-999,-999,-999,-999,42.3,4,2,-999.00,-999.00,-999.00,-999.00,-999.00,-999.00,-999.00,-999.00,-999.00,-999.00,-999.00,-999.00,-999.00,-999.00,-999.00,-999.00,-999.00,-999.00,-999.00,-999.00,-999.00,-999.00,-999.00,-999.00,-999.00,-999.00,-999.00,-999.00,-999.00,-999.00,-999.00
0:38:28,1,0.00,115.1,0,0,0,60.02,-999.00,-999.00,-999.00,-999.00,-999.00,0,-999,-999,-999,-999,-999,-999,-999,-999,-999,-999,-999,-999,-999,-999,-999,-999,-999,-999,-999,-999,-999,-999,-999,-999,-999,-999,-999,-999,-999,-999,-999,-999,42.3,4,2,-999.00,-999.00,-999.00,-999.00,-999.00,-999.00,-999.00,-999.00,-999.00,-999.00,-999.00,-999.00,-999.00,-999.00,-999.00,-999.00,-999.00,-999.00,-999.00,-999.00,-999.00,-999.00,-999.00,-999.00,-999.00,-999.00,-999.00,-999.00,-999.00,-999.00,-999.00
0:39:18,1,0.00,115.1,0,0,0,60.00,-999.00,-999.00,-999.00,-999.00,-999.00,0,-999,-999,-999,-999,-999,-999,-999,-999,-999,-999,-999,-999,-999,-999,-999,-999,-999,-999,-999,-999,-999,-999,-999,-999,-999,-999,-999,-999,-999,-999,-999,-999,42.2,4,2,-999.00,-999.00,-999.00,-999.00,-999.00,-999.00,-999.00,-999.00,-999.00,-999.00,-999.00,-999.00,-999.00,-999.00,-999.00,-999.00,-999.00,-999.00,-999.00,-999.00,-999.00,-999.00,-999.00,-999.00,-999.00,-999.00,-999.00,-999.00,-999.00,-999.00,-999.00
0:40:07,1,0.00,115.0,0,0,0,59.99,-999.00,-999.00,-999.00,-999.00,-999.00,0,-999,-999,-999,-999,-999,-999,-999,-999,-999,-999,-999,-999,-999,-999,-999,-999,-999,-999,-999,-999,-999,-999,-999,-999,-999,-999,-999,-999,-999,-999,-999,-999,42.2,4,2,-999.00,-999.00,-999.00,-999.00,-999.00,-999.00,-999.00,-999.00,-999.00,-999.00,-999.00,-999.00,-999.00,-999.00,-999.00,-999.00,-999.00,-999.00,-999.00,-999.00,-999.00,-999.00,-999.00,-999.00,-999.00,-999.00,-999.00,-999.00,-999.00,-999.00,-999.00
0:40:57,1,0.00,115.0,0,0,0,59.98,-999.00,-999.00,-999.00,-999.00,-999.00,0,-999,-999,-999,-999,-999,-999,-999,-999,-999,-999,-999,-999,-999,-999,-999,-999,-999,-999,-999,-999,-999,-999,-999,-999,-999,-999,-999,-999,-999,-999,-999,-999,42.2,4,2,-999.00,-999.00,-999.00,-999.00,-999.00,-999.00,-999.00,-999.00,-999.00,-999.00,-999.00,-999.00,-999.00,-999.00,-999.00,-999.00,-999.00,-999.00,-999.00,-999.00,-999.00,-999.00,-999.00,-999.00,-999.00,-999.00,-999.00,-999.00,-999.00,-999.00,-999.00
0:41:47,1,0.00,114.9,0,0,0,59.99,-999.00,-999.00,-999.00,-999.00,-999.00,0,-999,-999,-999,-999,-999,-999,-999,-999,-999,-999,-999,-999,-999,-999,-999,-999,-999,-999,-999,-999,-999,-999,-999,-999,-999,-999,-999,-999,-999,-999,-999,-999,42.2,4,2,-999.00,-999.00,-999.00,-999.00,-999.00,-999.00,-999.00,-999.00,-999.00,-999.00,-999.00,-999.00,-999.00,-999.00,-999.00,-999.00,-999.00,-999.00,-999.00,-999.00,-999.00,-999.00,-999.00,-999.00,-999.00,-999.00,-999.00,-999.00,-999.00,-999.00,-999.00
0:42:37,1,0.00,115.0,0,0,0,59.99,-999.00,-999.00,-999.00,-999.00,-999.00,0,-999,-999,-999,-999,-999,-999,-999,-999,-999,-999,-999,-999,-999,-999,-999,-999,-999,-999,-999,-999,-999,-999,-999,-999,-999,-999,-999,-999,-999,-999,-999,-999,42.2,4,2,-999.00,-999.00,-999.00,-999.00,-999.00,-999.00,-999.00,-999.00,-999.00,-999.00,-999.00,-999.00,-999.00,-999.00,-999.00,-999.00,-999.00,-999.00,-999.00,-999.00,-999.00,-999.00,-999.00,-999.00,-999.00,-999.00,-999.00,-999.00,-999.00,-999.00,-999.00
0:43:28,1,0.00,115.0,0,0,0,60.02,-999.00,-999.00,-999.00,-999.00,-999.00,0,-999,-999,-999,-999,-999,-999,-999,-999,-999,-999,-999,-999,-999,-999,-999,-999,-999,-999,-999,-999,-999,-999,-999,-999,-999,-999,-999,-999,-999,-999,-999,-999,42.2,4,2,-999.00,-999.00,-999.00,-999.00,-999.00,-999.00,-999.00,-999.00,-999.00,-999.00,-999.00,-999.00,-999.00,-999.00,-999.00,-999.00,-999.00,-999.00,-999.00,-999.00,-999.00,-999.00,-999.00,-999.00,-999.00,-999.00,-999.00,-999.00,-999.00,-999.00,-999.00
0:44:18,1,0.00,115.1,0,0,0,60.03,-999.00,-999.00,-999.00,-999.00,-999.00,0,-999,-999,-999,-999,-999,-999,-999,-999,-999,-999,-999,-999,-999,-999,-999,-999,-999,-999,-999,-999,-999,-999,-999,-999,-999,-999,-999,-999,-999,-999,-999,-999,42.2,4,2,-999.00,-999.00,-999.00,-999.00,-999.00,-999.00,-999.00,-999.00,-999.00,-999.00,-999.00,-999.00,-999.00,-999.00,-999.00,-999.00,-999.00,-999.00,-999.00,-999.00,-999.00,-999.00,-999.00,-999.00,-999.00,-999.00,-999.00,-999.00,-999.00,-999.00,-999.00
0:45:07,1,0.00,115.1,0,0,0,60.03,-999.00,-999.00,-999.00,-999.00,-999.00,0,-999,-999,-999,-999,-999,-999,-999,-999,-999,-999,-999,-999,-999,-999,-999,-999,-999,-999,-999,-999,-999,-999,-999,-999,-999,-999,-999,-999,-999,-999,-999,-999,42.2,4,2,-999.00,-999.00,-999.00,-999.00,-999.00,-999.00,-999.00,-999.00,-999.00,-999.00,-999.00,-999.00,-999.00,-999.00,-999.00,-999.00,-999.00,-999.00,-999.00,-999.00,-999.00,-999.00,-999.00,-999.00,-999.00,-999.00,-999.00,-999.00,-999.00,-999.00,-999.00
0:45:58,1,0.00,114.9,0,0,0,60.03,-999.00,-999.00,-999.00,-999.00,-999.00,0,-999,-999,-999,-999,-999,-999,-999,-999,-999,-999,-999,-999,-999,-999,-999,-999,-999,-999,-999,-999,-999,-999,-999,-999,-999,-999,-999,-999,-999,-999,-999,-999,42.2,4,2,-999.00,-999.00,-999.00,-999.00,-999.00,-999.00,-999.00,-999.00,-999.00,-999.00,-999.00,-999.00,-999.00,-999.00,-999.00,-999.00,-999.00,-999.00,-999.00,-999.00,-999.00,-999.00,-999.00,-999.00,-999.00,-999.00,-999.00,-999.00,-999.00,-999.00,-999.00
0:46:48,1,0.00,114.9,0,0,0,60.01,-999.00,-999.00,-999.00,-999.00,-999.00,0,-999,-999,-999,-999,-999,-999,-999,-999,-999,-999,-999,-999,-999,-999,-999,-999,-999,-999,-999,-999,-999,-999,-999,-999,-999,-999,-999,-999,-999,-999,-999,-999,42.2,4,2,-999.00,-999.00,-999.00,-999.00,-999.00,-999.00,-999.00,-999.00,-999.00,-999.00,-999.00,-999.00,-999.00,-999.00,-999.00,-999.00,-999.00,-999.00,-999.00,-999.00,-999.00,-999.00,-999.00,-999.00,-999.00,-999.00,-999.00,-999.00,-999.00,-999.00,-999.00
0:47:38,1,0.00,115.1,0,0,0,60.01,-999.00,-999.00,-999.00,-999.00,-999.00,0,-999,-999,-999,-999,-999,-999,-999,-999,-999,-999,-999,-999,-999,-999,-999,-999,-999,-999,-999,-999,-999,-999,-999,-999,-999,-999,-999,-999,-999,-999,-999,-999,42.1,4,2,-999.00,-999.00,-999.00,-999.00,-999.00,-999.00,-999.00,-999.00,-999.00,-999.00,-999.00,-999.00,-999.00,-999.00,-999.00,-999.00,-999.00,-999.00,-999.00,-999.00,-999.00,-999.00,-999.00,-999.00,-999.00,-999.00,-999.00,-999.00,-999.00,-999.00,-999.00
0:48:28,1,0.00,115.2,0,0,0,60.00,-999.00,-999.00,-999.00,-999.00,-999.00,0,-999,-999,-999,-999,-999,-999,-999,-999,-999,-999,-999,-999,-999,-999,-999,-999,-999,-999,-999,-999,-999,-999,-999,-999,-999,-999,-999,-999,-999,-999,-999,-999,42.1,4,2,-999.00,-999.00,-999.00,-999.00,-999.00,-999.00,-999.00,-999.00,-999.00,-999.00,-999.00,-999.00,-999.00,-999.00,-999.00,-999.00,-999.00,-999.00,-999.00,-999.00,-999.00,-999.00,-999.00,-999.00,-999.00,-999.00,-999.00,-999.00,-999.00,-999.00,-999.00
0:49:17,1,0.00,114.9,0,0,0,60.01,-999.00,-999.00,-999.00,-999.00,-999.00,0,-999,-999,-999,-999,-999,-999,-999,-999,-999,-999,-999,-999,-999,-999,-999,-999,-999,-999,-999,-999,-999,-999,-999,-999,-999,-999,-999,-999,-999,-999,-999,-999,42.1,4,2,-999.00,-999.00,-999.00,-999.00,-999.00,-999.00,-999.00,-999.00,-999.00,-999.00,-999.00,-999.00,-999.00,-999.00,-999.00,-999.00,-999.00,-999.00,-999.00,-999.00,-999.00,-999.00,-999.00,-999.00,-999.00,-999.00,-999.00,-999.00,-999.00,-999.00,-999.00
0:50:07,1,0.00,115.0,0,0,0,60.02,-999.00,-999.00,-999.00,-999.00,-999.00,0,-999,-999,-999,-999,-999,-999,-999,-999,-999,-999,-999,-999,-999,-999,-999,-999,-999,-999,-999,-999,-999,-999,-999,-999,-999,-999,-999,-999,-999,-999,-999,-999,42.1,4,2,-999.00,-999.00,-999.00,-999.00,-999.00,-999.00,-999.00,-999.00,-999.00,-999.00,-999.00,-999.00,-999.00,-999.00,-999.00,-999.00,-999.00,-999.00,-999.00,-999.00,-999.00,-999.00,-999.00,-999.00,-999.00,-999.00,-999.00,-999.00,-999.00,-999.00,-999.00
0:50:57,1,0.00,115.0,0,0,0,60.02,-999.00,-999.00,-999.00,-999.00,-999.00,0,-999,-999,-999,-999,-999,-999,-999,-999,-999,-999,-999,-999,-999,-999,-999,-999,-999,-999,-999,-999,-999,-999,-999,-999,-999,-999,-999,-999,-999,-999,-999,-999,42.1,4,2,-999.00,-999.00,-999.00,-999.00,-999.00,-999.00,-999.00,-999.00,-999.00,-999.00,-999.00,-999.00,-999.00,-999.00,-999.00,-999.00,-999.00,-999.00,-999.00,-999.00,-999.00,-999.00,-999.00,-999.00,-999.00,-999.00,-999.00,-999.00,-999.00,-999.00,-999.00
0:51:48,1,0.00,114.9,0,0,0,60.02,-999.00,-999.00,-999.00,-999.00,-999.00,0,-999,-999,-999,-999,-999,-999,-999,-999,-999,-999,-999,-999,-999,-999,-999,-999,-999,-999,-999,-999,-999,-999,-999,-999,-999,-999,-999,-999,-999,-999,-999,-999,42.0,4,2,-999.00,-999.00,-999.00,-999.00,-999.00,-999.00,-999.00,-999.00,-999.00,-999.00,-999.00,-999.00,-999.00,-999.00,-999.00,-999.00,-999.00,-999.00,-999.00,-999.00,-999.00,-999.00,-999.00,-999.00,-999.00,-999.00,-999.00,-999.00,-999.00,-999.00,-999.00
0:52:38,1,0.00,114.9,0,0,0,60.02,-999.00,-999.00,-999.00,-999.00,-999.00,0,-999,-999,-999,-999,-999,-999,-999,-999,-999,-999,-999,-999,-999,-999,-999,-999,-999,-999,-999,-999,-999,-999,-999,-999,-999,-999,-999,-999,-999,-999,-999,-999,42.0,4,2,-999.00,-999.00,-999.00,-999.00,-999.00,-999.00,-999.00,-999.00,-999.00,-999.00,-999.00,-999.00,-999.00,-999.00,-999.00,-999.00,-999.00,-999.00,-999.00,-999.00,-999.00,-999.00,-999.00,-999.00,-999.00,-999.00,-999.00,-999.00,-999.00,-999.00,-999.00
0:53:27,1,0.00,114.8,0,0,0,60.01,-999.00,-999.00,-999.00,-999.00,-999.00,0,-999,-999,-999,-999,-999,-999,-999,-999,-999,-999,-999,-999,-999,-999,-999,-999,-999,-999,-999,-999,-999,-999,-999,-999,-999,-999,-999,-999,-999,-999,-999,-999,42.0,4,2,-999.00,-999.00,-999.00,-999.00,-999.00,-999.00,-999.00,-999.00,-999.00,-999.00,-999.00,-999.00,-999.00,-999.00,-999.00,-999.00,-999.00,-999.00,-999.00,-999.00,-999.00,-999.00,-999.00,-999.00,-999.00,-999.00,-999.00,-999.00,-999.00,-999.00,-999.00
0:54:18,1,0.00,114.9,0,0,0,60.01,-999.00,-999.00,-999.00,-999.00,-999.00,0,-999,-999,-999,-999,-999,-999,-999,-999,-999,-999,-999,-999,-999,-999,-999,-999,-999,-999,-999,-999,-999,-999,-999,-999,-999,-999,-999,-999,-999,-999,-999,-999,42.0,4,2,-999.00,-999.00,-999.00,-999.00,-999.00,-999.00,-999.00,-999.00,-999.00,-999.00,-999.00,-999.00,-999.00,-999.00,-999.00,-999.00,-999.00,-999.00,-999.00,-999.00,-999.00,-999.00,-999.00,-999.00,-999.00,-999.00,-999.00,-999.00,-999.00,-999.00,-999.00
0:55:08,1,0.00,115.0,0,0,0,60.00,-999.00,-999.00,-999.00,-999.00,-999.00,0,-999,-999,-999,-999,-999,-999,-999,-999,-999,-999,-999,-999,-999,-999,-999,-999,-999,-999,-999,-999,-999,-999,-999,-999,-999,-999,-999,-999,-999,-999,-999,-999,42.0,4,2,-999.00,-999.00,-999.00,-999.00,-999.00,-999.00,-999.00,-999.00,-999.00,-999.00,-999.00,-999.00,-999.00,-999.00,-999.00,-999.00,-999.00,-999.00,-999.00,-999.00,-999.00,-999.00,-999.00,-999.00,-999.00,-999.00,-999.00,-999.00,-999.00,-999.00,-999.00
0:55:57,1,0.00,115.1,0,0,0,60.00,-999.00,-999.00,-999.00,-999.00,-999.00,0,-999,-999,-999,-999,-999,-999,-999,-999,-999,-999,-999,-999,-999,-999,-999,-999,-999,-999,-999,-999,-999,-999,-999,-999,-999,-999,-999,-999,-999,-999,-999,-999,42.0,4,2,-999.00,-999.00,-999.00,-999.00,-999.00,-999.00,-999.00,-999.00,-999.00,-999.00,-999.00,-999.00,-999.00,-999.00,-999.00,-999.00,-999.00,-999.00,-999.00,-999.00,-999.00,-999.00,-999.00,-999.00,-999.00,-999.00,-999.00,-999.00,-999.00,-999.00,-999.00
0:56:47,1,0.00,115.1,0,0,0,60.02,-999.00,-999.00,-999.00,-999.00,-999.00,0,-999,-999,-999,-999,-999,-999,-999,-999,-999,-999,-999,-999,-999,-999,-999,-999,-999,-999,-999,-999,-999,-999,-999,-999,-999,-999,-999,-999,-999,-999,-999,-999,42.0,4,2,-999.00,-999.00,-999.00,-999.00,-999.00,-999.00,-999.00,-999.00,-999.00,-999.00,-999.00,-999.00,-999.00,-999.00,-999.00,-999.00,-999.00,-999.00,-999.00,-999.00,-999.00,-999.00,-999.00,-999.00,-999.00,-999.00,-999.00,-999.00,-999.00,-999.00,-999.00
0:57:37,1,0.00,115.1,0,0,0,60.01,-999.00,-999.00,-999.00,-999.00,-999.00,0,-999,-999,-999,-999,-999,-999,-999,-999,-999,-999,-999,-999,-999,-999,-999,-999,-999,-999,-999,-999,-999,-999,-999,-999,-999,-999,-999,-999,-999,-999,-999,-999,42.0,4,2,-999.00,-999.00,-999.00,-999.00,-999.00,-999.00,-999.00,-999.00,-999.00,-999.00,-999.00,-999.00,-999.00,-999.00,-999.00,-999.00,-999.00,-999.00,-999.00,-999.00,-999.00,-999.00,-999.00,-999.00,-999.00,-999.00,-999.00,-999.00,-999.00,-999.00,-999.00
0:58:28,1,0.00,115.0,0,0,0,60.00,-999.00,-999.00,-999.00,-999.00,-999.00,0,-999,-999,-999,-999,-999,-999,-999,-999,-999,-999,-999,-999,-999,-999,-999,-999,-999,-999,-999,-999,-999,-999,-999,-999,-999,-999,-999,-999,-999,-999,-999,-999,41.9,4,2,-999.00,-999.00,-999.00,-999.00,-999.00,-999.00,-999.00,-999.00,-999.00,-999.00,-999.00,-999.00,-999.00,-999.00,-999.00,-999.00,-999.00,-999.00,-999.00,-999.00,-999.00,-999.00,-999.00,-999.00,-999.00,-999.00,-999.00,-999.00,-999.00,-999.00,-999.00
0:59:18,1,0.00,115.0,0,0,0,59.99,-999.00,-999.00,-999.00,-999.00,-999.00,0,-999,-999,-999,-999,-999,-999,-999,-999,-999,-999,-999,-999,-999,-999,-999,-999,-999,-999,-999,-999,-999,-999,-999,-999,-999,-999,-999,-999,-999,-999,-999,-999,41.9,4,2,-999.00,-999.00,-999.00,-999.00,-999.00,-999.00,-999.00,-999.00,-999.00,-999.00,-999.00,-999.00,-999.00,-999.00,-999.00,-999.00,-999.00,-999.00,-999.00,-999.00,-999.00,-999.00,-999.00,-999.00,-999.00,-999.00,-999.00,-999.00,-999.00,-999.00,-999.00
1:00:07,1,0.00,115.0,0,0,0,60.00,-999.00,-999.00,-999.00,-999.00,-999.00,0,-999,-999,-999,-999,-999,-999,-999,-999,-999,-999,-999,-999,-999,-999,-999,-999,-999,-999,-999,-999,-999,-999,-999,-999,-999,-999,-999,-999,-999,-999,-999,-999,41.9,4,2,-999.00,-999.00,-999.00,-999.00,-999.00,-999.00,-999.00,-999.00,-999.00,-999.00,-999.00,-999.00,-999.00,-999.00,-999.00,-999.00,-999.00,-999.00,-999.00,-999.00,-999.00,-999.00,-999.00,-999.00,-999.00,-999.00,-999.00,-999.00,-999.00,-999.00,-999.00
1:00:58,1,0.00,115.0,0,0,0,60.00,-999.00,-999.00,-999.00,-999.00,-999.00,0,-999,-999,-999,-999,-999,-999,-999,-999,-999,-999,-999,-999,-999,-999,-999,-999,-999,-999,-999,-999,-999,-999,-999,-999,-999,-999,-999,-999,-999,-999,-999,-999,41.8,4,2,-999.00,-999.00,-999.00,-999.00,-999.00,-999.00,-999.00,-999.00,-999.00,-999.00,-999.00,-999.00,-999.00,-999.00,-999.00,-999.00,-999.00,-999.00,-999.00,-999.00,-999.00,-999.00,-999.00,-999.00,-999.00,-999.00,-999.00,-999.00,-999.00,-999.00,-999.00
1:01:48,1,0.00,115.0,0,0,0,60.01,-999.00,-999.00,-999.00,-999.00,-999.00,0,-999,-999,-999,-999,-999,-999,-999,-999,-999,-999,-999,-999,-999,-999,-999,-999,-999,-999,-999,-999,-999,-999,-999,-999,-999,-999,-999,-999,-999,-999,-999,-999,41.8,4,2,-999.00,-999.00,-999.00,-999.00,-999.00,-999.00,-999.00,-999.00,-999.00,-999.00,-999.00,-999.00,-999.00,-999.00,-999.00,-999.00,-999.00,-999.00,-999.00,-999.00,-999.00,-999.00,-999.00,-999.00,-999.00,-999.00,-999.00,-999.00,-999.00,-999.00,-999.00
1:02:38,1,0.00,115.1,0,0,0,60.00,-999.00,-999.00,-999.00,-999.00,-999.00,0,-999,-999,-999,-999,-999,-999,-999,-999,-999,-999,-999,-999,-999,-999,-999,-999,-999,-999,-999,-999,-999,-999,-999,-999,-999,-999,-999,-999,-999,-999,-999,-999,41.8,4,2,-999.00,-999.00,-999.00,-999.00,-999.00,-999.00,-999.00,-999.00,-999.00,-999.00,-999.00,-999.00,-999.00,-999.00,-999.00,-999.00,-999.00,-999.00,-999.00,-999.00,-999.00,-999.00,-999.00,-999.00,-999.00,-999.00,-999.00,-999.00,-999.00,-999.00,-999.00
1:03:28,1,0.00,115.0,0,0,0,60.00,-999.00,-999.00,-999.00,-999.00,-999.00,0,-999,-999,-999,-999,-999,-999,-999,-999,-999,-999,-999,-999,-999,-999,-999,-999,-999,-999,-999,-999,-999,-999,-999,-999,-999,-999,-999,-999,-999,-999,-999,-999,41.8,4,2,-999.00,-999.00,-999.00,-999.00,-999.00,-999.00,-999.00,-999.00,-999.00,-999.00,-999.00,-999.00,-999.00,-999.00,-999.00,-999.00,-999.00,-999.00,-999.00,-999.00,-999.00,-999.00,-999.00,-999.00,-999.00,-999.00,-999.00,-999.00,-999.00,-999.00,-999.00
1:04:18,1,0.00,115.1,0,0,0,60.01,-999.00,-999.00,-999.00,-999.00,-999.00,0,-999,-999,-999,-999,-999,-999,-999,-999,-999,-999,-999,-999,-999,-999,-999,-999,-999,-999,-999,-999,-999,-999,-999,-999,-999,-999,-999,-999,-999,-999,-999,-999,41.8,4,2,-999.00,-999.00,-999.00,-999.00,-999.00,-999.00,-999.00,-999.00,-999.00,-999.00,-999.00,-999.00,-999.00,-999.00,-999.00,-999.00,-999.00,-999.00,-999.00,-999.00,-999.00,-999.00,-999.00,-999.00,-999.00,-999.00,-999.00,-999.00,-999.00,-999.00,-999.00
1:05:08,1,0.00,115.1,0,0,0,60.00,-999.00,-999.00,-999.00,-999.00,-999.00,0,-999,-999,-999,-999,-999,-999,-999,-999,-999,-999,-999,-999,-999,-999,-999,-999,-999,-999,-999,-999,-999,-999,-999,-999,-999,-999,-999,-999,-999,-999,-999,-999,41.8,4,2,-999.00,-999.00,-999.00,-999.00,-999.00,-999.00,-999.00,-999.00,-999.00,-999.00,-999.00,-999.00,-999.00,-999.00,-999.00,-999.00,-999.00,-999.00,-999.00,-999.00,-999.00,-999.00,-999.00,-999.00,-999.00,-999.00,-999.00,-999.00,-999.00,-999.00,-999.00
1:05:58,1,0.00,115.1,0,0,0,60.00,-999.00,-999.00,-999.00,-999.00,-999.00,0,-999,-999,-999,-999,-999,-999,-999,-999,-999,-999,-999,-999,-999,-999,-999,-999,-999,-999,-999,-999,-999,-999,-999,-999,-999,-999,-999,-999,-999,-999,-999,-999,41.8,4,2,-999.00,-999.00,-999.00,-999.00,-999.00,-999.00,-999.00,-999.00,-999.00,-999.00,-999.00,-999.00,-999.00,-999.00,-999.00,-999.00,-999.00,-999.00,-999.00,-999.00,-999.00,-999.00,-999.00,-999.00,-999.00,-999.00,-999.00,-999.00,-999.00,-999.00,-999.00
1:06:48,1,0.00,115.0,0,0,0,59.99,-999.00,-999.00,-999.00,-999.00,-999.00,0,-999,-999,-999,-999,-999,-999,-999,-999,-999,-999,-999,-999,-999,-999,-999,-999,-999,-999,-999,-999,-999,-999,-999,-999,-999,-999,-999,-999,-999,-999,-999,-999,41.8,4,2,-999.00,-999.00,-999.00,-999.00,-999.00,-999.00,-999.00,-999.00,-999.00,-999.00,-999.00,-999.00,-999.00,-999.00,-999.00,-999.00,-999.00,-999.00,-999.00,-999.00,-999.00,-999.00,-999.00,-999.00,-999.00,-999.00,-999.00,-999.00,-999.00,-999.00,-999.00
1:07:38,1,0.00,115.0,0,0,0,60.01,-999.00,-999.00,-999.00,-999.00,-999.00,0,-999,-999,-999,-999,-999,-999,-999,-999,-999,-999,-999,-999,-999,-999,-999,-999,-999,-999,-999,-999,-999,-999,-999,-999,-999,-999,-999,-999,-999,-999,-999,-999,41.8,4,2,-999.00,-999.00,-999.00,-999.00,-999.00,-999.00,-999.00,-999.00,-999.00,-999.00,-999.00,-999.00,-999.00,-999.00,-999.00,-999.00,-999.00,-999.00,-999.00,-999.00,-999.00,-999.00,-999.00,-999.00,-999.00,-999.00,-999.00,-999.00,-999.00,-999.00,-999.00
1:08:27,1,0.00,115.1,0,0,0,60.00,-999.00,-999.00,-999.00,-999.00,-999.00,0,-999,-999,-999,-999,-999,-999,-999,-999,-999,-999,-999,-999,-999,-999,-999,-999,-999,-999,-999,-999,-999,-999,-999,-999,-999,-999,-999,-999,-999,-999,-999,-999,41.8,4,2,-999.00,-999.00,-999.00,-999.00,-999.00,-999.00,-999.00,-999.00,-999.00,-999.00,-999.00,-999.00,-999.00,-999.00,-999.00,-999.00,-999.00,-999.00,-999.00,-999.00,-999.00,-999.00,-999.00,-999.00,-999.00,-999.00,-999.00,-999.00,-999.00,-999.00,-999.00
1:09:17,1,0.00,115.0,0,0,0,59.99,-999.00,-999.00,-999.00,-999.00,-999.00,0,-999,-999,-999,-999,-999,-999,-999,-999,-999,-999,-999,-999,-999,-999,-999,-999,-999,-999,-999,-999,-999,-999,-999,-999,-999,-999,-999,-999,-999,-999,-999,-999,41.8,4,2,-999.00,-999.00,-999.00,-999.00,-999.00,-999.00,-999.00,-999.00,-999.00,-999.00,-999.00,-999.00,-999.00,-999.00,-999.00,-999.00,-999.00,-999.00,-999.00,-999.00,-999.00,-999.00,-999.00,-999.00,-999.00,-999.00,-999.00,-999.00,-999.00,-999.00,-999.00
1:10:08,1,0.00,115.0,0,0,0,60.00,-999.00,-999.00,-999.00,-999.00,-999.00,0,-999,-999,-999,-999,-999,-999,-999,-999,-999,-999,-999,-999,-999,-999,-999,-999,-999,-999,-999,-999,-999,-999,-999,-999,-999,-999,-999,-999,-999,-999,-999,-999,41.8,4,2,-999.00,-999.00,-999.00,-999.00,-999.00,-999.00,-999.00,-999.00,-999.00,-999.00,-999.00,-999.00,-999.00,-999.00,-999.00,-999.00,-999.00,-999.00,-999.00,-999.00,-999.00,-999.00,-999.00,-999.00,-999.00,-999.00,-999.00,-999.00,-999.00,-999.00,-999.00
1:10:58,1,0.00,115.0,0,0,0,59.99,-999.00,-999.00,-999.00,-999.00,-999.00,0,-999,-999,-999,-999,-999,-999,-999,-999,-999,-999,-999,-999,-999,-999,-999,-999,-999,-999,-999,-999,-999,-999,-999,-999,-999,-999,-999,-999,-999,-999,-999,-999,41.7,4,2,-999.00,-999.00,-999.00,-999.00,-999.00,-999.00,-999.00,-999.00,-999.00,-999.00,-999.00,-999.00,-999.00,-999.00,-999.00,-999.00,-999.00,-999.00,-999.00,-999.00,-999.00,-999.00,-999.00,-999.00,-999.00,-999.00,-999.00,-999.00,-999.00,-999.00,-999.00
1:11:47,1,0.00,115.0,0,0,0,59.99,-999.00,-999.00,-999.00,-999.00,-999.00,0,-999,-999,-999,-999,-999,-999,-999,-999,-999,-999,-999,-999,-999,-999,-999,-999,-999,-999,-999,-999,-999,-999,-999,-999,-999,-999,-999,-999,-999,-999,-999,-999,41.7,4,2,-999.00,-999.00,-999.00,-999.00,-999.00,-999.00,-999.00,-999.00,-999.00,-999.00,-999.00,-999.00,-999.00,-999.00,-999.00,-999.00,-999.00,-999.00,-999.00,-999.00,-999.00,-999.00,-999.00,-999.00,-999.00,-999.00,-999.00,-999.00,-999.00,-999.00,-999.00
1:12:37,1,0.00,115.1,0,0,0,60.00,-999.00,-999.00,-999.00,-999.00,-999.00,0,-999,-999,-999,-999,-999,-999,-999,-999,-999,-999,-999,-999,-999,-999,-999,-999,-999,-999,-999,-999,-999,-999,-999,-999,-999,-999,-999,-999,-999,-999,-999,-999,41.7,4,2,-999.00,-999.00,-999.00,-999.00,-999.00,-999.00,-999.00,-999.00,-999.00,-999.00,-999.00,-999.00,-999.00,-999.00,-999.00,-999.00,-999.00,-999.00,-999.00,-999.00,-999.00,-999.00,-999.00,-999.00,-999.00,-999.00,-999.00,-999.00,-999.00,-999.00,-999.00
1:13:28,1,0.00,115.0,0,0,0,60.01,-999.00,-999.00,-999.00,-999.00,-999.00,0,-999,-999,-999,-999,-999,-999,-999,-999,-999,-999,-999,-999,-999,-999,-999,-999,-999,-999,-999,-999,-999,-999,-999,-999,-999,-999,-999,-999,-999,-999,-999,-999,41.7,4,2,-999.00,-999.00,-999.00,-999.00,-999.00,-999.00,-999.00,-999.00,-999.00,-999.00,-999.00,-999.00,-999.00,-999.00,-999.00,-999.00,-999.00,-999.00,-999.00,-999.00,-999.00,-999.00,-999.00,-999.00,-999.00,-999.00,-999.00,-999.00,-999.00,-999.00,-999.00
1:14:18,1,0.00,115.0,0,0,0,60.00,-999.00,-999.00,-999.00,-999.00,-999.00,0,-999,-999,-999,-999,-999,-999,-999,-999,-999,-999,-999,-999,-999,-999,-999,-999,-999,-999,-999,-999,-999,-999,-999,-999,-999,-999,-999,-999,-999,-999,-999,-999,41.7,4,2,-999.00,-999.00,-999.00,-999.00,-999.00,-999.00,-999.00,-999.00,-999.00,-999.00,-999.00,-999.00,-999.00,-999.00,-999.00,-999.00,-999.00,-999.00,-999.00,-999.00,-999.00,-999.00,-999.00,-999.00,-999.00,-999.00,-999.00,-999.00,-999.00,-999.00,-999.00
1:15:08,1,0.00,115.0,0,0,0,60.00,-999.00,-999.00,-999.00,-999.00,-999.00,0,-999,-999,-999,-999,-999,-999,-999,-999,-999,-999,-999,-999,-999,-999,-999,-999,-999,-999,-999,-999,-999,-999,-999,-999,-999,-999,-999,-999,-999,-999,-999,-999,41.7,4,2,-999.00,-999.00,-999.00,-999.00,-999.00,-999.00,-999.00,-999.00,-999.00,-999.00,-999.00,-999.00,-999.00,-999.00,-999.00,-999.00,-999.00,-999.00,-999.00,-999.00,-999.00,-999.00,-999.00,-999.00,-999.00,-999.00,-999.00,-999.00,-999.00,-999.00,-999.00
1:15:58,1,0.00,115.0,0,0,0,59.99,-999.00,-999.00,-999.00,-999.00,-999.00,0,-999,-999,-999,-999,-999,-999,-999,-999,-999,-999,-999,-999,-999,-999,-999,-999,-999,-999,-999,-999,-999,-999,-999,-999,-999,-999,-999,-999,-999,-999,-999,-999,41.7,4,2,-999.00,-999.00,-999.00,-999.00,-999.00,-999.00,-999.00,-999.00,-999.00,-999.00,-999.00,-999.00,-999.00,-999.00,-999.00,-999.00,-999.00,-999.00,-999.00,-999.00,-999.00,-999.00,-999.00,-999.00,-999.00,-999.00,-999.00,-999.00,-999.00,-999.00,-999.00
1:16:48,1,0.00,115.0,0,0,0,59.98,-999.00,-999.00,-999.00,-999.00,-999.00,0,-999,-999,-999,-999,-999,-999,-999,-999,-999,-999,-999,-999,-999,-999,-999,-999,-999,-999,-999,-999,-999,-999,-999,-999,-999,-999,-999,-999,-999,-999,-999,-999,41.7,4,2,-999.00,-999.00,-999.00,-999.00,-999.00,-999.00,-999.00,-999.00,-999.00,-999.00,-999.00,-999.00,-999.00,-999.00,-999.00,-999.00,-999.00,-999.00,-999.00,-999.00,-999.00,-999.00,-999.00,-999.00,-999.00,-999.00,-999.00,-999.00,-999.00,-999.00,-999.00
1:17:38,1,0.00,114.9,0,0,0,60.01,-999.00,-999.00,-999.00,-999.00,-999.00,0,-999,-999,-999,-999,-999,-999,-999,-999,-999,-999,-999,-999,-999,-999,-999,-999,-999,-999,-999,-999,-999,-999,-999,-999,-999,-999,-999,-999,-999,-999,-999,-999,41.7,4,2,-999.00,-999.00,-999.00,-999.00,-999.00,-999.00,-999.00,-999.00,-999.00,-999.00,-999.00,-999.00,-999.00,-999.00,-999.00,-999.00,-999.00,-999.00,-999.00,-999.00,-999.00,-999.00,-999.00,-999.00,-999.00,-999.00,-999.00,-999.00,-999.00,-999.00,-999.00
1:18:27,1,0.00,115.0,0,0,0,60.00,-999.00,-999.00,-999.00,-999.00,-999.00,0,-999,-999,-999,-999,-999,-999,-999,-999,-999,-999,-999,-999,-999,-999,-999,-999,-999,-999,-999,-999,-999,-999,-999,-999,-999,-999,-999,-999,-999,-999,-999,-999,41.6,4,2,-999.00,-999.00,-999.00,-999.00,-999.00,-999.00,-999.00,-999.00,-999.00,-999.00,-999.00,-999.00,-999.00,-999.00,-999.00,-999.00,-999.00,-999.00,-999.00,-999.00,-999.00,-999.00,-999.00,-999.00,-999.00,-999.00,-999.00,-999.00,-999.00,-999.00,-999.00
1:19:17,1,0.00,115.0,0,0,0,60.01,-999.00,-999.00,-999.00,-999.00,-999.00,0,-999,-999,-999,-999,-999,-999,-999,-999,-999,-999,-999,-999,-999,-999,-999,-999,-999,-999,-999,-999,-999,-999,-999,-999,-999,-999,-999,-999,-999,-999,-999,-999,41.5,4,2,-999.00,-999.00,-999.00,-999.00,-999.00,-999.00,-999.00,-999.00,-999.00,-999.00,-999.00,-999.00,-999.00,-999.00,-999.00,-999.00,-999.00,-999.00,-999.00,-999.00,-999.00,-999.00,-999.00,-999.00,-999.00,-999.00,-999.00,-999.00,-999.00,-999.00,-999.00
1:20:08,1,0.00,114.9,0,0,0,59.96,-999.00,-999.00,-999.00,-999.00,-999.00,0,-999,-999,-999,-999,-999,-999,-999,-999,-999,-999,-999,-999,-999,-999,-999,-999,-999,-999,-999,-999,-999,-999,-999,-999,-999,-999,-999,-999,-999,-999,-999,-999,41.5,4,2,-999.00,-999.00,-999.00,-999.00,-999.00,-999.00,-999.00,-999.00,-999.00,-999.00,-999.00,-999.00,-999.00,-999.00,-999.00,-999.00,-999.00,-999.00,-999.00,-999.00,-999.00,-999.00,-999.00,-999.00,-999.00,-999.00,-999.00,-999.00,-999.00,-999.00,-999.00
1:20:58,1,0.00,115.0,0,0,0,59.99,-999.00,-999.00,-999.00,-999.00,-999.00,0,-999,-999,-999,-999,-999,-999,-999,-999,-999,-999,-999,-999,-999,-999,-999,-999,-999,-999,-999,-999,-999,-999,-999,-999,-999,-999,-999,-999,-999,-999,-999,-999,41.5,4,2,-999.00,-999.00,-999.00,-999.00,-999.00,-999.00,-999.00,-999.00,-999.00,-999.00,-999.00,-999.00,-999.00,-999.00,-999.00,-999.00,-999.00,-999.00,-999.00,-999.00,-999.00,-999.00,-999.00,-999.00,-999.00,-999.00,-999.00,-999.00,-999.00,-999.00,-999.00
1:21:48,1,0.00,114.9,0,0,0,59.99,-999.00,-999.00,-999.00,-999.00,-999.00,0,-999,-999,-999,-999,-999,-999,-999,-999,-999,-999,-999,-999,-999,-999,-999,-999,-999,-999,-999,-999,-999,-999,-999,-999,-999,-999,-999,-999,-999,-999,-999,-999,41.5,4,2,-999.00,-999.00,-999.00,-999.00,-999.00,-999.00,-999.00,-999.00,-999.00,-999.00,-999.00,-999.00,-999.00,-999.00,-999.00,-999.00,-999.00,-999.00,-999.00,-999.00,-999.00,-999.00,-999.00,-999.00,-999.00,-999.00,-999.00,-999.00,-999.00,-999.00,-999.00
1:22:38,1,0.00,115.0,0,0,0,60.00,-999.00,-999.00,-999.00,-999.00,-999.00,0,-999,-999,-999,-999,-999,-999,-999,-999,-999,-999,-999,-999,-999,-999,-999,-999,-999,-999,-999,-999,-999,-999,-999,-999,-999,-999,-999,-999,-999,-999,-999,-999,41.5,4,2,-999.00,-999.00,-999.00,-999.00,-999.00,-999.00,-999.00,-999.00,-999.00,-999.00,-999.00,-999.00,-999.00,-999.00,-999.00,-999.00,-999.00,-999.00,-999.00,-999.00,-999.00,-999.00,-999.00,-999.00,-999.00,-999.00,-999.00,-999.00,-999.00,-999.00,-999.00
1:23:27,1,0.00,114.9,0,0,0,59.99,-999.00,-999.00,-999.00,-999.00,-999.00,0,-999,-999,-999,-999,-999,-999,-999,-999,-999,-999,-999,-999,-999,-999,-999,-999,-999,-999,-999,-999,-999,-999,-999,-999,-999,-999,-999,-999,-999,-999,-999,-999,41.5,4,2,-999.00,-999.00,-999.00,-999.00,-999.00,-999.00,-999.00,-999.00,-999.00,-999.00,-999.00,-999.00,-999.00,-999.00,-999.00,-999.00,-999.00,-999.00,-999.00,-999.00,-999.00,-999.00,-999.00,-999.00,-999.00,-999.00,-999.00,-999.00,-999.00,-999.00,-999.00
1:24:18,1,0.00,114.9,0,0,0,59.98,-999.00,-999.00,-999.00,-999.00,-999.00,0,-999,-999,-999,-999,-999,-999,-999,-999,-999,-999,-999,-999,-999,-999,-999,-999,-999,-999,-999,-999,-999,-999,-999,-999,-999,-999,-999,-999,-999,-999,-999,-999,41.5,4,2,-999.00,-999.00,-999.00,-999.00,-999.00,-999.00,-999.00,-999.00,-999.00,-999.00,-999.00,-999.00,-999.00,-999.00,-999.00,-999.00,-999.00,-999.00,-999.00,-999.00,-999.00,-999.00,-999.00,-999.00,-999.00,-999.00,-999.00,-999.00,-999.00,-999.00,-999.00
1:25:08,1,0.00,115.0,0,0,0,60.00,-999.00,-999.00,-999.00,-999.00,-999.00,0,-999,-999,-999,-999,-999,-999,-999,-999,-999,-999,-999,-999,-999,-999,-999,-999,-999,-999,-999,-999,-999,-999,-999,-999,-999,-999,-999,-999,-999,-999,-999,-999,41.5,4,2,-999.00,-999.00,-999.00,-999.00,-999.00,-999.00,-999.00,-999.00,-999.00,-999.00,-999.00,-999.00,-999.00,-999.00,-999.00,-999.00,-999.00,-999.00,-999.00,-999.00,-999.00,-999.00,-999.00,-999.00,-999.00,-999.00,-999.00,-999.00,-999.00,-999.00,-999.00
1:25:58,1,0.00,115.1,0,0,0,60.00,-999.00,-999.00,-999.00,-999.00,-999.00,0,-999,-999,-999,-999,-999,-999,-999,-999,-999,-999,-999,-999,-999,-999,-999,-999,-999,-999,-999,-999,-999,-999,-999,-999,-999,-999,-999,-999,-999,-999,-999,-999,41.5,4,2,-999.00,-999.00,-999.00,-999.00,-999.00,-999.00,-999.00,-999.00,-999.00,-999.00,-999.00,-999.00,-999.00,-999.00,-999.00,-999.00,-999.00,-999.00,-999.00,-999.00,-999.00,-999.00,-999.00,-999.00,-999.00,-999.00,-999.00,-999.00,-999.00,-999.00,-999.00
1:26:48,1,0.00,115.0,0,0,0,60.00,-999.00,-999.00,-999.00,-999.00,-999.00,0,-999,-999,-999,-999,-999,-999,-999,-999,-999,-999,-999,-999,-999,-999,-999,-999,-999,-999,-999,-999,-999,-999,-999,-999,-999,-999,-999,-999,-999,-999,-999,-999,41.5,4,2,-999.00,-999.00,-999.00,-999.00,-999.00,-999.00,-999.00,-999.00,-999.00,-999.00,-999.00,-999.00,-999.00,-999.00,-999.00,-999.00,-999.00,-999.00,-999.00,-999.00,-999.00,-999.00,-999.00,-999.00,-999.00,-999.00,-999.00,-999.00,-999.00,-999.00,-999.00
1:27:38,1,0.00,115.0,0,0,0,60.00,-999.00,-999.00,-999.00,-999.00,-999.00,0,-999,-999,-999,-999,-999,-999,-999,-999,-999,-999,-999,-999,-999,-999,-999,-999,-999,-999,-999,-999,-999,-999,-999,-999,-999,-999,-999,-999,-999,-999,-999,-999,41.4,4,2,-999.00,-999.00,-999.00,-999.00,-999.00,-999.00,-999.00,-999.00,-999.00,-999.00,-999.00,-999.00,-999.00,-999.00,-999.00,-999.00,-999.00,-999.00,-999.00,-999.00,-999.00,-999.00,-999.00,-999.00,-999.00,-999.00,-999.00,-999.00,-999.00,-999.00,-999.00
1:28:28,1,0.00,115.0,0,0,0,60.00,-999.00,-999.00,-999.00,-999.00,-999.00,0,-999,-999,-999,-999,-999,-999,-999,-999,-999,-999,-999,-999,-999,-999,-999,-999,-999,-999,-999,-999,-999,-999,-999,-999,-999,-999,-999,-999,-999,-999,-999,-999,41.4,4,2,-999.00,-999.00,-999.00,-999.00,-999.00,-999.00,-999.00,-999.00,-999.00,-999.00,-999.00,-999.00,-999.00,-999.00,-999.00,-999.00,-999.00,-999.00,-999.00,-999.00,-999.00,-999.00,-999.00,-999.00,-999.00,-999.00,-999.00,-999.00,-999.00,-999.00,-999.00
1:29:17,1,0.00,115.0,0,0,0,59.98,-999.00,-999.00,-999.00,-999.00,-999.00,0,-999,-999,-999,-999,-999,-999,-999,-999,-999,-999,-999,-999,-999,-999,-999,-999,-999,-999,-999,-999,-999,-999,-999,-999,-999,-999,-999,-999,-999,-999,-999,-999,41.4,4,2,-999.00,-999.00,-999.00,-999.00,-999.00,-999.00,-999.00,-999.00,-999.00,-999.00,-999.00,-999.00,-999.00,-999.00,-999.00,-999.00,-999.00,-999.00,-999.00,-999.00,-999.00,-999.00,-999.00,-999.00,-999.00,-999.00,-999.00,-999.00,-999.00,-999.00,-999.00
1:30:08,1,0.00,115.1,0,0,0,59.99,-999.00,-999.00,-999.00,-999.00,-999.00,0,-999,-999,-999,-999,-999,-999,-999,-999,-999,-999,-999,-999,-999,-999,-999,-999,-999,-999,-999,-999,-999,-999,-999,-999,-999,-999,-999,-999,-999,-999,-999,-999,41.4,4,2,-999.00,-999.00,-999.00,-999.00,-999.00,-999.00,-999.00,-999.00,-999.00,-999.00,-999.00,-999.00,-999.00,-999.00,-999.00,-999.00,-999.00,-999.00,-999.00,-999.00,-999.00,-999.00,-999.00,-999.00,-999.00,-999.00,-999.00,-999.00,-999.00,-999.00,-999.00
1:30:58,1,0.00,115.1,0,0,0,60.01,-999.00,-999.00,-999.00,-999.00,-999.00,0,-999,-999,-999,-999,-999,-999,-999,-999,-999,-999,-999,-999,-999,-999,-999,-999,-999,-999,-999,-999,-999,-999,-999,-999,-999,-999,-999,-999,-999,-999,-999,-999,41.4,4,2,-999.00,-999.00,-999.00,-999.00,-999.00,-999.00,-999.00,-999.00,-999.00,-999.00,-999.00,-999.00,-999.00,-999.00,-999.00,-999.00,-999.00,-999.00,-999.00,-999.00,-999.00,-999.00,-999.00,-999.00,-999.00,-999.00,-999.00,-999.00,-999.00,-999.00,-999.00
1:31:47,1,0.00,115.1,0,0,0,60.01,-999.00,-999.00,-999.00,-999.00,-999.00,0,-999,-999,-999,-999,-999,-999,-999,-999,-999,-999,-999,-999,-999,-999,-999,-999,-999,-999,-999,-999,-999,-999,-999,-999,-999,-999,-999,-999,-999,-999,-999,-999,41.4,4,2,-999.00,-999.00,-999.00,-999.00,-999.00,-999.00,-999.00,-999.00,-999.00,-999.00,-999.00,-999.00,-999.00,-999.00,-999.00,-999.00,-999.00,-999.00,-999.00,-999.00,-999.00,-999.00,-999.00,-999.00,-999.00,-999.00,-999.00,-999.00,-999.00,-999.00,-999.00
1:32:38,1,0.00,115.0,0,0,0,60.02,-999.00,-999.00,-999.00,-999.00,-999.00,0,-999,-999,-999,-999,-999,-999,-999,-999,-999,-999,-999,-999,-999,-999,-999,-999,-999,-999,-999,-999,-999,-999,-999,-999,-999,-999,-999,-999,-999,-999,-999,-999,41.4,4,2,-999.00,-999.00,-999.00,-999.00,-999.00,-999.00,-999.00,-999.00,-999.00,-999.00,-999.00,-999.00,-999.00,-999.00,-999.00,-999.00,-999.00,-999.00,-999.00,-999.00,-999.00,-999.00,-999.00,-999.00,-999.00,-999.00,-999.00,-999.00,-999.00,-999.00,-999.00
1:33:28,1,0.00,114.8,0,0,0,60.02,-999.00,-999.00,-999.00,-999.00,-999.00,0,-999,-999,-999,-999,-999,-999,-999,-999,-999,-999,-999,-999,-999,-999,-999,-999,-999,-999,-999,-999,-999,-999,-999,-999,-999,-999,-999,-999,-999,-999,-999,-999,41.4,4,2,-999.00,-999.00,-999.00,-999.00,-999.00,-999.00,-999.00,-999.00,-999.00,-999.00,-999.00,-999.00,-999.00,-999.00,-999.00,-999.00,-999.00,-999.00,-999.00,-999.00,-999.00,-999.00,-999.00,-999.00,-999.00,-999.00,-999.00,-999.00,-999.00,-999.00,-999.00
1:34:18,1,0.00,114.9,0,0,0,60.03,-999.00,-999.00,-999.00,-999.00,-999.00,0,-999,-999,-999,-999,-999,-999,-999,-999,-999,-999,-999,-999,-999,-999,-999,-999,-999,-999,-999,-999,-999,-999,-999,-999,-999,-999,-999,-999,-999,-999,-999,-999,41.4,4,2,-999.00,-999.00,-999.00,-999.00,-999.00,-999.00,-999.00,-999.00,-999.00,-999.00,-999.00,-999.00,-999.00,-999.00,-999.00,-999.00,-999.00,-999.00,-999.00,-999.00,-999.00,-999.00,-999.00,-999.00,-999.00,-999.00,-999.00,-999.00,-999.00,-999.00,-999.00
1:35:08,1,0.00,114.8,0,0,0,60.03,-999.00,-999.00,-999.00,-999.00,-999.00,0,-999,-999,-999,-999,-999,-999,-999,-999,-999,-999,-999,-999,-999,-999,-999,-999,-999,-999,-999,-999,-999,-999,-999,-999,-999,-999,-999,-999,-999,-999,-999,-999,41.4,4,2,-999.00,-999.00,-999.00,-999.00,-999.00,-999.00,-999.00,-999.00,-999.00,-999.00,-999.00,-999.00,-999.00,-999.00,-999.00,-999.00,-999.00,-999.00,-999.00,-999.00,-999.00,-999.00,-999.00,-999.00,-999.00,-999.00,-999.00,-999.00,-999.00,-999.00,-999.00
1:35:58,1,0.00,114.9,0,0,0,60.02,-999.00,-999.00,-999.00,-999.00,-999.00,0,-999,-999,-999,-999,-999,-999,-999,-999,-999,-999,-999,-999,-999,-999,-999,-999,-999,-999,-999,-999,-999,-999,-999,-999,-999,-999,-999,-999,-999,-999,-999,-999,41.4,4,2,-999.00,-999.00,-999.00,-999.00,-999.00,-999.00,-999.00,-999.00,-999.00,-999.00,-999.00,-999.00,-999.00,-999.00,-999.00,-999.00,-999.00,-999.00,-999.00,-999.00,-999.00,-999.00,-999.00,-999.00,-999.00,-999.00,-999.00,-999.00,-999.00,-999.00,-999.00
1:36:48,1,0.00,114.9,0,0,0,60.00,-999.00,-999.00,-999.00,-999.00,-999.00,0,-999,-999,-999,-999,-999,-999,-999,-999,-999,-999,-999,-999,-999,-999,-999,-999,-999,-999,-999,-999,-999,-999,-999,-999,-999,-999,-999,-999,-999,-999,-999,-999,41.4,4,2,-999.00,-999.00,-999.00,-999.00,-999.00,-999.00,-999.00,-999.00,-999.00,-999.00,-999.00,-999.00,-999.00,-999.00,-999.00,-999.00,-999.00,-999.00,-999.00,-999.00,-999.00,-999.00,-999.00,-999.00,-999.00,-999.00,-999.00,-999.00,-999.00,-999.00,-999.00
1:37:37,1,0.00,115.0,0,0,0,60.00,-999.00,-999.00,-999.00,-999.00,-999.00,0,-999,-999,-999,-999,-999,-999,-999,-999,-999,-999,-999,-999,-999,-999,-999,-999,-999,-999,-999,-999,-999,-999,-999,-999,-999,-999,-999,-999,-999,-999,-999,-999,41.4,4,2,-999.00,-999.00,-999.00,-999.00,-999.00,-999.00,-999.00,-999.00,-999.00,-999.00,-999.00,-999.00,-999.00,-999.00,-999.00,-999.00,-999.00,-999.00,-999.00,-999.00,-999.00,-999.00,-999.00,-999.00,-999.00,-999.00,-999.00,-999.00,-999.00,-999.00,-999.00
1:38:28,1,0.00,115.0,0,0,0,59.99,-999.00,-999.00,-999.00,-999.00,-999.00,0,-999,-999,-999,-999,-999,-999,-999,-999,-999,-999,-999,-999,-999,-999,-999,-999,-999,-999,-999,-999,-999,-999,-999,-999,-999,-999,-999,-999,-999,-999,-999,-999,41.4,4,2,-999.00,-999.00,-999.00,-999.00,-999.00,-999.00,-999.00,-999.00,-999.00,-999.00,-999.00,-999.00,-999.00,-999.00,-999.00,-999.00,-999.00,-999.00,-999.00,-999.00,-999.00,-999.00,-999.00,-999.00,-999.00,-999.00,-999.00,-999.00,-999.00,-999.00,-999.00
1:39:18,1,0.00,115.1,0,0,0,60.00,-999.00,-999.00,-999.00,-999.00,-999.00,0,-999,-999,-999,-999,-999,-999,-999,-999,-999,-999,-999,-999,-999,-999,-999,-999,-999,-999,-999,-999,-999,-999,-999,-999,-999,-999,-999,-999,-999,-999,-999,-999,41.4,4,2,-999.00,-999.00,-999.00,-999.00,-999.00,-999.00,-999.00,-999.00,-999.00,-999.00,-999.00,-999.00,-999.00,-999.00,-999.00,-999.00,-999.00,-999.00,-999.00,-999.00,-999.00,-999.00,-999.00,-999.00,-999.00,-999.00,-999.00,-999.00,-999.00,-999.00,-999.00
1:40:08,1,0.00,115.0,0,0,0,59.99,-999.00,-999.00,-999.00,-999.00,-999.00,0,-999,-999,-999,-999,-999,-999,-999,-999,-999,-999,-999,-999,-999,-999,-999,-999,-999,-999,-999,-999,-999,-999,-999,-999,-999,-999,-999,-999,-999,-999,-999,-999,41.4,4,2,-999.00,-999.00,-999.00,-999.00,-999.00,-999.00,-999.00,-999.00,-999.00,-999.00,-999.00,-999.00,-999.00,-999.00,-999.00,-999.00,-999.00,-999.00,-999.00,-999.00,-999.00,-999.00,-999.00,-999.00,-999.00,-999.00,-999.00,-999.00,-999.00,-999.00,-999.00
1:40:58,1,0.00,115.1,0,0,0,60.00,-999.00,-999.00,-999.00,-999.00,-999.00,0,-999,-999,-999,-999,-999,-999,-999,-999,-999,-999,-999,-999,-999,-999,-999,-999,-999,-999,-999,-999,-999,-999,-999,-999,-999,-999,-999,-999,-999,-999,-999,-999,41.3,4,2,-999.00,-999.00,-999.00,-999.00,-999.00,-999.00,-999.00,-999.00,-999.00,-999.00,-999.00,-999.00,-999.00,-999.00,-999.00,-999.00,-999.00,-999.00,-999.00,-999.00,-999.00,-999.00,-999.00,-999.00,-999.00,-999.00,-999.00,-999.00,-999.00,-999.00,-999.00
1:41:48,1,0.00,115.1,0,0,0,60.00,-999.00,-999.00,-999.00,-999.00,-999.00,0,-999,-999,-999,-999,-999,-999,-999,-999,-999,-999,-999,-999,-999,-999,-999,-999,-999,-999,-999,-999,-999,-999,-999,-999,-999,-999,-999,-999,-999,-999,-999,-999,41.2,4,2,-999.00,-999.00,-999.00,-999.00,-999.00,-999.00,-999.00,-999.00,-999.00,-999.00,-999.00,-999.00,-999.00,-999.00,-999.00,-999.00,-999.00,-999.00,-999.00,-999.00,-999.00,-999.00,-999.00,-999.00,-999.00,-999.00,-999.00,-999.00,-999.00,-999.00,-999.00
1:42:38,1,0.00,115.0,0,0,0,60.03,-999.00,-999.00,-999.00,-999.00,-999.00,0,-999,-999,-999,-999,-999,-999,-999,-999,-999,-999,-999,-999,-999,-999,-999,-999,-999,-999,-999,-999,-999,-999,-999,-999,-999,-999,-999,-999,-999,-999,-999,-999,41.2,4,2,-999.00,-999.00,-999.00,-999.00,-999.00,-999.00,-999.00,-999.00,-999.00,-999.00,-999.00,-999.00,-999.00,-999.00,-999.00,-999.00,-999.00,-999.00,-999.00,-999.00,-999.00,-999.00,-999.00,-999.00,-999.00,-999.00,-999.00,-999.00,-999.00,-999.00,-999.00
1:43:28,1,0.00,115.0,0,0,0,60.03,-999.00,-999.00,-999.00,-999.00,-999.00,0,-999,-999,-999,-999,-999,-999,-999,-999,-999,-999,-999,-999,-999,-999,-999,-999,-999,-999,-999,-999,-999,-999,-999,-999,-999,-999,-999,-999,-999,-999,-999,-999,41.2,4,2,-999.00,-999.00,-999.00,-999.00,-999.00,-999.00,-999.00,-999.00,-999.00,-999.00,-999.00,-999.00,-999.00,-999.00,-999.00,-999.00,-999.00,-999.00,-999.00,-999.00,-999.00,-999.00,-999.00,-999.00,-999.00,-999.00,-999.00,-999.00,-999.00,-999.00,-999.00
1:44:18,1,0.00,115.1,0,0,0,60.04,-999.00,-999.00,-999.00,-999.00,-999.00,0,-999,-999,-999,-999,-999,-999,-999,-999,-999,-999,-999,-999,-999,-999,-999,-999,-999,-999,-999,-999,-999,-999,-999,-999,-999,-999,-999,-999,-999,-999,-999,-999,41.2,4,2,-999.00,-999.00,-999.00,-999.00,-999.00,-999.00,-999.00,-999.00,-999.00,-999.00,-999.00,-999.00,-999.00,-999.00,-999.00,-999.00,-999.00,-999.00,-999.00,-999.00,-999.00,-999.00,-999.00,-999.00,-999.00,-999.00,-999.00,-999.00,-999.00,-999.00,-999.00
1:45:08,1,0.00,115.0,0,0,0,60.03,-999.00,-999.00,-999.00,-999.00,-999.00,0,-999,-999,-999,-999,-999,-999,-999,-999,-999,-999,-999,-999,-999,-999,-999,-999,-999,-999,-999,-999,-999,-999,-999,-999,-999,-999,-999,-999,-999,-999,-999,-999,41.2,4,2,-999.00,-999.00,-999.00,-999.00,-999.00,-999.00,-999.00,-999.00,-999.00,-999.00,-999.00,-999.00,-999.00,-999.00,-999.00,-999.00,-999.00,-999.00,-999.00,-999.00,-999.00,-999.00,-999.00,-999.00,-999.00,-999.00,-999.00,-999.00,-999.00,-999.00,-999.00
